age,sex,bmi,children,smoker,region,income,exercise_frequency,chronic_disease,alcohol_consumption,actual_charges,predicted_charges,absolute_error
52,male,21.3,3,no,northeast,34559,1,yes,8,33068.51,31998.15,1070.36
40,male,23.7,0,no,northeast,84317,6,yes,5,31434.54,25127.05,6307.49
52,female,25.0,1,no,southeast,76732,1,yes,5,30956.04,31566.53,610.49
20,female,22.9,0,no,northeast,65270,5,no,0,9593.86,9313.84,280.02
18,female,37.6,4,no,northeast,33525,1,no,2,15223.89,17610.49,2386.6
46,female,27.5,3,yes,northeast,149383,0,yes,7,53099.01,52490.79,608.22
33,male,33.1,2,no,southeast,84684,0,no,6,22556.8,20418.28,2138.52
32,male,35.3,3,no,northwest,123183,3,no,8,20052.29,20134.73,82.44
59,male,28.3,3,yes,northwest,101544,3,yes,4,52215.49,53900.48,1684.99
64,male,21.7,3,yes,northwest,83935,0,no,1,42980.44,44037.93,1057.49
60,male,20.5,2,no,northeast,126243,4,yes,4,28449.63,30954.39,2504.76
54,female,19.2,1,no,southeast,88678,5,yes,6,27124.79,28552.02,1427.23
58,male,23.6,3,no,southeast,31393,4,no,6,22204.24,22395.83,191.59
27,female,39.9,0,no,southeast,57979,0,yes,8,30851.2,30384.14,467.06
46,female,37.0,4,yes,southeast,139254,5,no,6,44101.01,43267.1,833.91
40,male,33.3,3,no,southwest,117481,2,yes,0,28904.26,30465.18,1560.92
53,female,26.8,1,no,northwest,23932,0,no,9,22591.44,23586.29,994.85
63,male,35.2,4,no,northeast,147556,5,yes,3,35650.62,36433.8,783.18
43,female,25.8,4,no,northwest,92415,1,no,9,21713.55,21725.89,12.34
38,male,33.0,3,yes,southwest,149578,0,no,5,39553.39,41761.84,2208.45
53,male,23.2,4,no,northeast,58263,0,no,3,23134.75,22779.95,354.8
59,female,31.8,2,no,southeast,135822,5,no,6,19608.06,24101.13,4493.07
27,female,19.8,1,no,southeast,27647,4,no,8,13560.99,12850.89,710.1
34,male,34.9,0,no,northwest,111962,4,yes,0,30992.19,26906.64,4085.55
42,female,39.2,0,no,southwest,135080,3,no,9,23945.76,22621.27,1324.49
56,female,30.7,4,no,northwest,47782,1,no,2,24927.15,25064.08,136.93
51,male,31.5,4,no,northeast,129121,3,no,3,21239.51,23283.84,2044.33
22,female,33.2,1,no,southwest,71887,0,no,6,15059.42,17139.04,2079.62
62,female,31.6,3,no,southeast,145415,3,yes,0,32806.82,35035.88,2229.06
36,female,23.4,3,no,southeast,69275,5,yes,2,22045.95,25453.27,3407.32
51,female,19.6,0,no,northeast,87217,0,no,2,21799.93,18997.12,2802.81
53,female,25.1,0,no,southwest,89835,6,no,5,16069.11,18854.36,2785.25
60,female,32.2,0,no,southeast,36807,2,no,5,26458.34,24792.27,1666.07
57,female,26.0,1,no,southwest,128528,3,yes,3,30985.33,31676.2,690.87
43,female,38.1,0,no,southwest,110442,4,yes,1,26901.26,30412.44,3511.18
34,female,26.5,2,no,northwest,82120,4,no,2,16650.2,15774.07,876.13
31,female,21.0,4,no,northeast,111282,1,yes,9,28644.77,27279.03,1365.74
57,male,25.6,2,no,northwest,90455,6,no,4,18569.85,20730.87,2161.02
50,female,18.6,3,yes,southeast,46676,0,no,0,37324.72,39483.75,2159.03
47,female,26.4,1,no,southwest,84766,2,no,6,21251.42,20401.22,850.2
52,male,25.4,2,yes,southeast,142166,3,no,3,43230.27,40662.16,2568.11
61,female,35.3,2,no,southwest,107320,6,no,0,26129.01,23907.94,2221.07
58,male,23.0,4,yes,northwest,107622,2,no,0,41187.47,42213.54,1026.07
59,male,36.1,1,no,northeast,47220,2,yes,3,33215.31,35727.77,2512.46
31,male,28.9,4,no,southwest,67416,1,no,2,16742.75,18281.98,1539.23
38,female,28.0,4,no,southeast,107895,0,no,0,20205.3,19880.94,324.36
62,male,38.7,3,no,southwest,22966,6,no,0,21535.41,25713.13,4177.72
38,male,19.4,2,yes,southeast,74901,3,no,7,36239.27,36161.57,77.7
64,male,39.4,0,yes,southeast,51635,1,yes,6,58624.82,58557.79,67.03
28,female,26.1,2,no,southeast,31222,6,no,6,15456.9,14104.12,1352.78
